sale_date,year,month,day_of_week,total_units_sold,total_revenue,avg_monthly_units,seasonal_index,moving_avg_7day,moving_avg_30day
2024-01-01,2024,01,1,6430,2085108.8,5896.774193548387,1.09,6430.0,6430.0
2024-01-02,2024,01,2,6499,2212994.08,5896.774193548387,1.1,6464.5,6464.5
2024-01-03,2024,01,3,6557,2164267.57,5896.774193548387,1.11,6495.333333333333,6495.333333333333
2024-01-04,2024,01,4,6766,2250850.21,5896.774193548387,1.15,6563.0,6563.0
2024-01-05,2024,01,5,6673,2102672.86,5896.774193548387,1.13,6585.0,6585.0
2024-01-06,2024,01,6,3947,1291898.76,5896.774193548387,0.67,6145.333333333333,6145.333333333333
2024-01-07,2024,01,0,3910,1257176.96,5896.774193548387,0.66,5826.0,5826.0
2024-01-08,2024,01,1,6883,2377613.94,5896.774193548387,1.17,5890.714285714285,5958.125
2024-01-09,2024,01,2,6734,2274568.84,5896.774193548387,1.14,5924.285714285715,6044.333333333333
2024-01-10,2024,01,3,6552,2167270.17,5896.774193548387,1.11,5923.571428571428,6095.1
2024-01-11,2024,01,4,6584,2258749.15,5896.774193548387,1.12,5897.571428571428,6139.545454545455
2024-01-12,2024,01,5,6764,2236632.75,5896.774193548387,1.15,5910.571428571428,6191.583333333333
2024-01-13,2024,01,6,4174,1343323.03,5896.774193548387,0.71,5943.0,6036.384615384615
2024-01-14,2024,01,0,3941,1295481.85,5896.774193548387,0.67,5947.428571428572,5886.714285714285
2024-01-15,2024,01,1,6515,2130529.61,5896.774193548387,1.1,5894.857142857143,5928.6
2024-01-16,2024,01,2,6638,2127053.19,5896.774193548387,1.13,5881.142857142857,5972.9375
2024-01-17,2024,01,3,6368,2181777.8,5896.774193548387,1.08,5854.857142857143,5996.176470588235
2024-01-18,2024,01,4,6665,2181108.15,5896.774193548387,1.13,5866.428571428572,6033.333333333333
2024-01-19,2024,01,5,6767,2315205.59,5896.774193548387,1.15,5866.857142857143,6071.9473684210525
2024-01-20,2024,01,6,3944,1260317.68,5896.774193548387,0.67,5834.0,5965.55
2024-01-21,2024,01,0,3839,1324492.01,5896.774193548387,0.65,5819.428571428572,5864.285714285715
2024-01-22,2024,01,1,6794,2284587.19,5896.774193548387,1.15,5859.285714285715,5906.545454545455
2024-01-23,2024,01,2,6456,2225588.62,5896.774193548387,1.09,5833.285714285715,5930.434782608696
2024-01-24,2024,01,3,6891,2174123.3,5896.774193548387,1.17,5908.0,5970.458333333333
2024-01-25,2024,01,4,6479,2089377.8,5896.774193548387,1.1,5881.428571428572,5990.8
2024-01-26,2024,01,5,6473,2119946.21,5896.774193548387,1.1,5839.428571428572,6009.346153846154
2024-01-27,2024,01,6,4042,1282138.86,5896.774193548387,0.69,5853.428571428572,5936.481481481482
2024-01-28,2024,01,0,3972,1303926.04,5896.774193548387,0.67,5872.428571428572,5866.321428571428
2024-01-29,2024,01,1,6516,2147631.14,5896.774193548387,1.11,5832.714285714285,5888.724137931034
2024-01-30,2024,01,2,6277,2027655.79,5896.774193548387,1.06,5807.142857142857,5901.666666666667
2024-01-31,2024,01,3,6826,2198705.61,5896.774193548387,1.16,5797.857142857143,5914.866666666667
2024-02-01,2024,02,4,6693,2154679.85,5805.473684210527,1.15,5828.428571428572,5921.333333333333
2024-02-02,2024,02,5,6695,2274423.0,5805.473684210527,1.15,5860.142857142857,5925.933333333333
2024-02-03,2024,02,6,3771,1208240.31,5805.473684210527,0.65,5821.428571428572,5826.1
2024-02-04,2024,02,0,3943,1276871.21,5805.473684210527,0.68,5817.285714285715,5735.1
2024-02-05,2024,02,1,6170,2071849.79,5805.473684210527,1.06,5767.857142857143,5809.2
2024-02-06,2024,02,2,6253,2031284.33,5805.473684210527,1.08,5764.428571428572,5887.3
2024-02-07,2024,02,3,6451,2042860.3800000001,5805.473684210527,1.11,5710.857142857143,5872.9
2024-02-08,2024,02,4,6808,2226137.62,5805.473684210527,1.17,5727.285714285715,5875.366666666667
2024-02-09,2024,02,5,6343,2096653.32,5805.473684210527,1.09,5677.0,5868.4
2024-02-10,2024,02,6,3721,1226254.79,5805.473684210527,0.64,5669.857142857143,5772.966666666666
2024-02-11,2024,02,0,4030,1320307.0,5805.473684210527,0.69,5682.285714285715,5681.833333333333
2024-02-12,2024,02,1,6353,2168657.0100000002,5805.473684210527,1.09,5708.428571428572,5754.466666666666
2024-02-13,2024,02,2,6497,2103147.9,5805.473684210527,1.12,5743.285714285715,5839.666666666667
2024-02-14,2024,02,3,6161,2009570.16,5805.473684210527,1.06,5701.857142857143,5827.866666666667
2024-02-15,2024,02,4,6429,2054512.04,5805.473684210527,1.11,5647.714285714285,5820.9
2024-02-16,2024,02,5,6812,2289201.83,5805.473684210527,1.17,5714.714285714285,5835.7
2024-02-17,2024,02,6,3951,1237944.27,5805.473684210527,0.68,5747.571428571428,5745.233333333334
2024-02-18,2024,02,0,3882,1191594.31,5805.473684210527,0.67,5726.428571428572,5649.066666666667
2024-02-19,2024,02,1,6782,2243487.1,5805.473684210527,1.17,5787.714285714285,5743.666666666667
2024-02-20,2024,02,2,6588,2230581.03,5805.473684210527,1.13,5800.714285714285,5835.3
2024-02-21,2024,02,3,6751,2268528.28,5805.473684210527,1.16,5885.0,5833.866666666667
2024-02-22,2024,02,4,6800,2289154.83,5805.473684210527,1.17,5938.0,5845.333333333333
2024-02-23,2024,02,5,6593,2259807.95,5805.473684210527,1.14,5906.714285714285,5835.4
2024-02-24,2024,02,6,3893,1241122.84,5805.473684210527,0.67,5898.428571428572,5749.2
2024-02-25,2024,02,0,3759,1323989.3,5805.473684210527,0.65,5880.857142857143,5658.733333333334
2024-02-26,2024,02,1,6480,2154986.96,5805.473684210527,1.12,5837.714285714285,5740.0
2024-02-27,2024,02,2,6782,2258763.38,5805.473684210527,1.17,5865.428571428572,5833.666666666667
2024-02-28,2024,02,3,6291,2122443.2399999998,5805.473684210527,1.08,5799.714285714285,5826.166666666667
2024-02-29,2024,02,4,6549,2290310.99,5805.473684210527,1.13,5763.857142857143,5835.233333333334
2024-03-01,2024,03,5,9326,3125613.8,8238.564516129032,1.13,6154.285714285715,5918.566666666667
2024-03-02,2024,03,6,5378,1735470.53,8238.564516129032,0.65,6366.428571428572,5874.733333333334
2024-03-03,2024,03,0,5553,1665499.47,8238.564516129032,0.67,6622.714285714285,5836.666666666667
2024-03-04,2024,03,1,9395,3129750.75,8238.564516129032,1.14,7039.142857142857,6024.133333333333
2024-03-05,2024,03,2,9357,3035380.57,8238.564516129032,1.14,7407.0,6204.6
2024-03-06,2024,03,3,9190,3080746.35,8238.564516129032,1.12,7821.142857142857,6305.266666666666
2024-03-07,2024,03,4,9596,3165209.39,8238.564516129032,1.16,8256.42857142857,6416.7
2024-03-08,2024,03,5,9197,3030591.76,8238.564516129032,1.12,8238.0,6508.233333333334
2024-03-09,2024,03,6,5863,1913199.07,8238.564516129032,0.71,8307.285714285714,6476.733333333334
2024-03-10,2024,03,0,5647,1798944.3800000001,8238.564516129032,0.69,8320.714285714286,6453.533333333334
2024-03-11,2024,03,1,9473,3140449.75,8238.564516129032,1.15,8331.857142857143,6645.266666666666
2024-03-12,2024,03,2,9360,3154608.67,8238.564516129032,1.14,8332.285714285714,6822.933333333333
2024-03-13,2024,03,3,9377,2981847.69,8238.564516129032,1.14,8359.0,6923.733333333334
2024-03-14,2024,03,4,9344,3031616.71,8238.564516129032,1.13,8323.0,7018.633333333333
2024-03-15,2024,03,5,9261,3073658.43,8238.564516129032,1.12,8332.142857142857,7121.966666666666
2024-03-16,2024,03,6,5509,1897097.11,8238.564516129032,0.67,8281.57142857143,7091.3
2024-03-17,2024,03,0,5822,1893523.71,8238.564516129032,0.71,8306.57142857143,7058.3
2024-03-18,2024,03,1,9354,3182308.34,8238.564516129032,1.14,8289.57142857143,7238.4
2024-03-19,2024,03,2,9754,3239743.89,8238.564516129032,1.18,8345.857142857143,7434.133333333333
2024-03-20,2024,03,3,9379,3161610.87,8238.564516129032,1.14,8346.142857142857,7520.7
2024-03-21,2024,03,4,9421,3090532.54,8238.564516129032,1.14,8357.142857142857,7615.133333333333
2024-03-22,2024,03,5,9394,3026290.21,8238.564516129032,1.14,8376.142857142857,7703.233333333334
2024-03-23,2024,03,6,5379,1882406.56,8238.564516129032,0.65,8357.57142857143,7655.866666666667
2024-03-24,2024,03,0,5779,1887231.66,8238.564516129032,0.7,8351.42857142857,7628.733333333334
2024-03-25,2024,03,1,9566,2936412.92,8238.564516129032,1.16,8381.714285714286,7817.833333333333
2024-03-26,2024,03,2,9924,3192744.95,8238.564516129032,1.2,8406.0,8023.333333333333
2024-03-27,2024,03,3,9723,3335831.81,8238.564516129032,1.18,8455.142857142857,8131.433333333333
2024-03-28,2024,03,4,9531,3097155.08,8238.564516129032,1.16,8470.857142857143,8223.066666666668
2024-03-29,2024,03,5,8984,3050413.42,8238.564516129032,1.09,8412.285714285714,8312.833333333334
2024-03-30,2024,03,6,5621,1870747.95,8238.564516129032,0.68,8446.857142857143,8281.9
2024-03-31,2024,03,0,5670,1790013.97,8238.564516129032,0.69,8431.285714285714,8160.033333333334
2024-04-01,2024,04,1,9928,3202563.14,8380.85,1.18,8483.0,8311.7
2024-04-02,2024,04,2,9668,2997119.8,8380.85,1.15,8446.42857142857,8448.866666666667
2024-04-03,2024,04,3,9397,3030359.91,8380.85,1.12,8399.857142857143,8448.933333333332
2024-04-04,2024,04,4,9086,2978135.09,8380.85,1.08,8336.285714285714,8439.9
2024-04-05,2024,04,5,8967,2975432.9,8380.85,1.07,8333.857142857143,8432.466666666667
2024-04-06,2024,04,6,5562,1792174.3599999999,8380.85,0.66,8325.42857142857,8298.0
2024-04-07,2024,04,0,5481,1797595.87,8380.85,0.65,8298.42857142857,8174.133333333333
2024-04-08,2024,04,1,9608,3185157.95,8380.85,1.15,8252.714285714286,8298.966666666667
2024-04-09,2024,04,2,9479,3141443.75,8380.85,1.13,8225.714285714286,8426.7
2024-04-10,2024,04,3,9285,3016106.07,8380.85,1.11,8209.714285714286,8420.433333333332
2024-04-11,2024,04,4,9618,3130046.44,8380.85,1.15,8285.714285714286,8429.033333333333
2024-04-12,2024,04,5,9513,2908383.59,8380.85,1.14,8363.714285714286,8433.566666666668
2024-04-13,2024,04,6,5373,1783883.25,8380.85,0.64,8336.714285714286,8301.2
2024-04-14,2024,04,0,5523,1820677.36,8380.85,0.66,8342.714285714286,8176.6
2024-04-15,2024,04,1,9053,2976618.69,8380.85,1.08,8263.42857142857,8294.733333333334
2024-04-16,2024,04,2,8836,2958841.05,8380.85,1.05,8171.571428571428,8395.2
2024-04-17,2024,04,3,8765,3007784.97,8380.85,1.05,8097.285714285715,8375.566666666668
2024-04-18,2024,04,4,9567,3067235.7,8380.85,1.14,8090.0,8369.333333333334
2024-04-19,2024,04,5,9425,3081935.77,8380.85,1.12,8077.428571428572,8370.866666666667
2024-04-20,2024,04,6,6087,2081094.34,8380.85,0.73,8179.428571428572,8259.733333333334
2024-04-21,2024,04,0,5472,1812647.83,8380.85,0.65,8172.142857142857,8129.0
2024-04-22,2024,04,1,9007,2956404.01,8380.85,1.07,8165.571428571428,8249.933333333332
2024-04-23,2024,04,2,8865,2881417.3,8380.85,1.06,8169.714285714285,8352.8
2024-04-24,2024,04,3,9191,3019048.7399999998,8380.85,1.1,8230.57142857143,8340.3
2024-04-25,2024,04,4,9289,3043686.86,8380.85,1.11,8190.857142857143,8319.133333333333
2024-04-26,2024,04,5,8790,2925150.11,8380.85,1.05,8100.142857142857,8288.033333333333
2024-04-27,2024,04,6,5679,1927066.88,8380.85,0.68,8041.857142857143,8159.633333333333
2024-04-28,2024,04,0,5486,1786958.35,8380.85,0.65,8043.857142857143,8043.033333333334
2024-04-29,2024,04,1,9634,3075821.32,8380.85,1.15,8133.428571428572,8176.8
2024-04-30,2024,04,2,9310,2968272.14,8380.85,1.11,8197.0,8298.133333333333
2024-05-01,2024,05,3,9496,3164528.06,8328.91935483871,1.14,8240.57142857143,8283.733333333334
2024-05-02,2024,05,4,9279,2997392.3,8328.91935483871,1.11,8239.142857142857,8270.766666666666
2024-05-03,2024,05,5,9884,3038729.81,8328.91935483871,1.19,8395.42857142857,8287.0
2024-05-04,2024,05,6,5473,1807388.73,8328.91935483871,0.66,8366.0,8166.566666666667
2024-05-05,2024,05,0,5710,1835317.33,8328.91935483871,0.69,8398.0,8058.0
2024-05-06,2024,05,1,9599,3080124.05,8328.91935483871,1.15,8393.0,8192.566666666668
2024-05-07,2024,05,2,9552,3174491.4,8328.91935483871,1.15,8427.57142857143,8328.266666666666
2024-05-08,2024,05,3,9251,3058160.95,8328.91935483871,1.11,8392.57142857143,8316.366666666667
2024-05-09,2024,05,4,9001,3118024.52,8328.91935483871,1.08,8352.857142857143,8300.433333333332
2024-05-10,2024,05,5,9033,3049687.18,8328.91935483871,1.08,8231.285714285714,8292.033333333333
2024-05-11,2024,05,6,5834,1864306.96,8328.91935483871,0.7,8282.857142857143,8165.9
2024-05-12,2024,05,0,5418,1793350.1,8328.91935483871,0.65,8241.142857142857,8029.4
2024-05-13,2024,05,1,9173,2914468.44,8328.91935483871,1.1,8180.285714285715,8156.066666666667
2024-05-14,2024,05,2,8871,2990190.7600000002,8328.91935483871,1.07,8083.0,8267.666666666666
2024-05-15,2024,05,3,9553,3286673.48,8328.91935483871,1.15,8126.142857142857,8284.333333333334
2024-05-16,2024,05,4,9824,3249917.29,8328.91935483871,1.18,8243.714285714286,8317.266666666666
2024-05-17,2024,05,5,9146,2930030.5,8328.91935483871,1.1,8259.857142857143,8329.966666666667
2024-05-18,2024,05,6,5780,1884927.41,8328.91935483871,0.69,8252.142857142857,8203.733333333334
2024-05-19,2024,05,0,5699,1769241.59,8328.91935483871,0.68,8292.285714285714,8079.533333333334
2024-05-20,2024,05,1,9307,3075381.7,8328.91935483871,1.12,8311.42857142857,8186.866666666667
2024-05-21,2024,05,2,9452,3075790.77,8328.91935483871,1.13,8394.42857142857,8319.533333333333
2024-05-22,2024,05,3,9332,3096563.18,8328.91935483871,1.12,8362.857142857143,8330.366666666667
2024-05-23,2024,05,4,9117,3140933.55,8328.91935483871,1.09,8261.857142857143,8338.766666666666
2024-05-24,2024,05,5,9393,3065880.43,8328.91935483871,1.13,8297.142857142857,8345.5
2024-05-25,2024,05,6,5598,1844370.79,8328.91935483871,0.67,8271.142857142857,8222.466666666667
2024-05-26,2024,05,0,5532,1765157.86,8328.91935483871,0.66,8247.285714285714,8113.866666666667
2024-05-27,2024,05,1,9132,3035931.27,8328.91935483871,1.1,8222.285714285714,8228.966666666667
2024-05-28,2024,05,2,8711,2896872.15,8328.91935483871,1.05,8116.428571428572,8336.466666666667
2024-05-29,2024,05,3,8940,2924926.32,8328.91935483871,1.07,8060.428571428572,8313.333333333334
2024-05-30,2024,05,4,9582,3048280.88,8328.91935483871,1.15,8126.857142857143,8322.4
2024-05-31,2024,05,5,9411,3119368.7600000002,8328.91935483871,1.13,8129.428571428572,8319.566666666668
2024-06-01,2024,06,6,6674,2101394.34,9903.533333333333,0.67,8283.142857142857,8232.733333333334
2024-06-02,2024,06,0,6586,2193255.42,9903.533333333333,0.67,8433.714285714286,8122.8
2024-06-03,2024,06,1,11711,3755000.86,9903.533333333333,1.18,8802.142857142857,8330.733333333334
2024-06-04,2024,06,2,11382,3814507.79,9903.533333333333,1.15,9183.714285714286,8519.8
2024-06-05,2024,06,3,11204,3511850.42,9903.533333333333,1.13,9507.142857142857,8573.3
2024-06-06,2024,06,4,11248,3738589.31,9903.533333333333,1.14,9745.142857142857,8629.833333333334
2024-06-07,2024,06,5,11605,3714336.32,9903.533333333333,1.17,10058.57142857143,8708.3
2024-06-08,2024,06,6,6754,2211215.16,9903.533333333333,0.68,10070.0,8633.4
2024-06-09,2024,06,0,6784,2260593.9,9903.533333333333,0.69,10098.285714285714,8558.433333333332
2024-06-10,2024,06,1,11439,3672285.89,9903.533333333333,1.16,10059.42857142857,8745.266666666666
2024-06-11,2024,06,2,11280,3777012.72,9903.533333333333,1.14,10044.857142857143,8940.666666666666
2024-06-12,2024,06,3,11182,3753456.06,9903.533333333333,1.13,10041.714285714286,9007.633333333333
2024-06-13,2024,06,4,11497,3759003.67,9903.533333333333,1.16,10077.285714285714,9095.166666666666
2024-06-14,2024,06,5,10847,3567825.7,9903.533333333333,1.1,9969.0,9138.3
2024-06-15,2024,06,6,6999,2337407.37,9903.533333333333,0.71,10004.0,9044.133333333333
2024-06-16,2024,06,0,6757,2211249.25,9903.533333333333,0.68,10000.142857142857,8964.5
2024-06-17,2024,06,1,10522,3664114.18,9903.533333333333,1.06,9869.142857142857,9122.566666666668
2024-06-18,2024,06,2,11252,3645405.6,9903.533333333333,1.14,9865.142857142857,9307.666666666666
2024-06-19,2024,06,3,11133,3473886.74,9903.533333333333,1.12,9858.142857142857,9368.533333333333
2024-06-20,2024,06,4,11023,3481797.93,9903.533333333333,1.11,9790.42857142857,9420.9
2024-06-21,2024,06,5,11499,3835655.25,9903.533333333333,1.16,9883.57142857143,9493.133333333333
2024-06-22,2024,06,6,6722,2136689.37,9903.533333333333,0.68,9844.0,9413.3
2024-06-23,2024,06,0,6864,2284088.04,9903.533333333333,0.69,9859.285714285714,9329.0
2024-06-24,2024,06,1,11991,3999641.87,9903.533333333333,1.21,10069.142857142857,9542.1
2024-06-25,2024,06,2,11773,4150349.59,9903.533333333333,1.19,10143.57142857143,9750.133333333333
2024-06-26,2024,06,3,11299,3732711.64,9903.533333333333,1.14,10167.285714285714,9822.366666666667
2024-06-27,2024,06,4,11029,3652458.25,9903.533333333333,1.11,10168.142857142857,9899.633333333333
2024-06-28,2024,06,5,11126,3624971.96,9903.533333333333,1.12,10114.857142857143,9972.5
2024-06-29,2024,06,6,6789,2382467.55,9903.533333333333,0.69,10124.42857142857,9879.4
2024-06-30,2024,06,0,6601,2182703.55,9903.533333333333,0.67,10086.857142857143,9785.733333333334
2024-07-01,2024,07,1,12050,3917769.02,10172.483870967742,1.18,10095.285714285714,9964.933333333332
2024-07-02,2024,07,2,11075,3600731.11,10172.483870967742,1.09,9995.57142857143,10114.566666666668
2024-07-03,2024,07,3,10854,3520108.08,10172.483870967742,1.07,9932.0,10086.0
2024-07-04,2024,07,4,11630,3772231.2399999998,10172.483870967742,1.14,10017.857142857143,10094.266666666666
2024-07-05,2024,07,5,11492,3802453.59,10172.483870967742,1.13,10070.142857142857,10103.866666666667
2024-07-06,2024,07,6,7052,2358408.07,10172.483870967742,0.69,10107.714285714286,9964.0
2024-07-07,2024,07,0,6826,2272149.11,10172.483870967742,0.67,10139.857142857143,9804.7
2024-07-08,2024,07,1,11049,3614491.98,10172.483870967742,1.09,9996.857142857143,9947.866666666667
2024-07-09,2024,07,2,11441,3699310.74,10172.483870967742,1.12,10049.142857142857,10103.1
2024-07-10,2024,07,3,11218,3646818.4,10172.483870967742,1.1,10101.142857142857,10095.733333333334
2024-07-11,2024,07,4,11324,3741710.64,10172.483870967742,1.11,10057.42857142857,10097.2
2024-07-12,2024,07,5,11391,3810721.59,10172.483870967742,1.12,10043.0,10104.166666666666
2024-07-13,2024,07,6,6666,2189002.42,10172.483870967742,0.66,9987.857142857143,9943.133333333333
2024-07-14,2024,07,0,6600,2230537.98,10172.483870967742,0.65,9955.57142857143,9801.566666666668
2024-07-15,2024,07,1,11337,3739572.81,10172.483870967742,1.11,9996.714285714286,9946.166666666666
2024-07-16,2024,07,2,11337,3731467.5100000002,10172.483870967742,1.11,9981.857142857143,10098.833333333334
2024-07-17,2024,07,3,11390,3658983.33,10172.483870967742,1.12,10006.42857142857,10127.766666666666
2024-07-18,2024,07,4,11433,3736993.52,10172.483870967742,1.12,10022.0,10133.8
2024-07-19,2024,07,5,11828,3786047.07,10172.483870967742,1.16,10084.42857142857,10156.966666666667
2024-07-20,2024,07,6,6888,2191926.46,10172.483870967742,0.68,10116.142857142857,10019.133333333333
2024-07-21,2024,07,0,6672,2301871.68,10172.483870967742,0.66,10126.42857142857,9858.233333333334
2024-07-22,2024,07,1,11430,3689984.48,10172.483870967742,1.12,10139.714285714286,10015.166666666666
2024-07-23,2024,07,2,11349,3789204.95,10172.483870967742,1.12,10141.42857142857,10164.666666666666
2024-07-24,2024,07,3,11222,3744231.2,10172.483870967742,1.1,10117.42857142857,10139.033333333333
2024-07-25,2024,07,4,11787,3857752.21,10172.483870967742,1.16,10168.0,10139.5
2024-07-26,2024,07,5,11066,3632563.6,10172.483870967742,1.09,10059.142857142857,10131.733333333334
2024-07-27,2024,07,6,6717,2182529.66,10172.483870967742,0.66,10034.714285714286,9988.0
2024-07-28,2024,07,0,6709,2255363.45,10172.483870967742,0.66,10040.0,9840.766666666666
2024-07-29,2024,07,1,11649,3932461.71,10172.483870967742,1.15,10071.285714285714,10002.766666666666
2024-07-30,2024,07,2,11622,3621438.73,10172.483870967742,1.14,10110.285714285714,10170.133333333333
2024-07-31,2024,07,3,10565,3651868.62,10172.483870967742,1.04,10016.42857142857,10120.633333333333
2024-08-01,2024,08,4,11270,3737672.8,9916.59677419355,1.14,9942.57142857143,10127.133333333333
2024-08-02,2024,08,5,11688,3900005.03,9916.59677419355,1.18,10031.42857142857,10154.933333333332
2024-08-03,2024,08,6,6931,2283861.22,9916.59677419355,0.7,10062.0,9998.3
2024-08-04,2024,08,0,6550,2161567.56,9916.59677419355,0.66,10039.285714285714,9833.566666666668
2024-08-05,2024,08,1,11098,3675594.79,9916.59677419355,1.12,9960.57142857143,9968.433333333332
2024-08-06,2024,08,2,11149,3758214.78,9916.59677419355,1.12,9893.0,10112.533333333333
2024-08-07,2024,08,3,11648,3918583.69,9916.59677419355,1.17,10047.714285714286,10132.5
2024-08-08,2024,08,4,11132,3670495.34,9916.59677419355,1.12,10028.0,10122.2
2024-08-09,2024,08,5,11636,3818845.67,9916.59677419355,1.17,10020.57142857143,10136.133333333333
2024-08-10,2024,08,6,7259,2437255.05,9916.59677419355,0.73,10067.42857142857,10000.633333333333
2024-08-11,2024,08,0,6755,2245876.6,9916.59677419355,0.68,10096.714285714286,9846.1
2024-08-12,2024,08,1,11124,3748339.45,9916.59677419355,1.12,10100.42857142857,9994.7
2024-08-13,2024,08,2,11436,3689563.64,9916.59677419355,1.15,10141.42857142857,10155.9
2024-08-14,2024,08,3,10956,3709051.01,9916.59677419355,1.1,10042.57142857143,10143.2
2024-08-15,2024,08,4,10966,3877555.67,9916.59677419355,1.11,10018.857142857143,10130.833333333334
2024-08-16,2024,08,5,11361,3779401.28,9916.59677419355,1.15,9979.57142857143,10129.866666666667
2024-08-17,2024,08,6,6815,2140710.86,9916.59677419355,0.69,9916.142857142857,9975.933333333332
2024-08-18,2024,08,0,6921,2285652.72,9916.59677419355,0.7,9939.857142857143,9812.366666666667
2024-08-19,2024,08,1,11633,3697592.75,9916.59677419355,1.17,10012.57142857143,9970.533333333333
2024-08-20,2024,08,2,11084,3720073.16,9916.59677419355,1.12,9962.285714285714,10117.6
2024-08-21,2024,08,3,11217,3579443.45,9916.59677419355,1.13,9999.57142857143,10110.5
2024-08-22,2024,08,4,11164,3760668.12,9916.59677419355,1.13,10027.857142857143,10104.333333333334
2024-08-23,2024,08,5,11416,3604470.55,9916.59677419355,1.15,10035.714285714286,10110.8
2024-08-24,2024,08,6,7230,2354649.35,9916.59677419355,0.73,10095.0,9958.9
2024-08-25,2024,08,0,6795,2160023.93,9916.59677419355,0.69,10077.0,9816.533333333333
2024-08-26,2024,08,1,11270,3873528.28,9916.59677419355,1.14,10025.142857142857,9968.3
2024-08-27,2024,08,2,11434,3635833.16,9916.59677419355,1.15,10075.142857142857,10125.8
2024-08-28,2024,08,3,11331,3758644.1,9916.59677419355,1.14,10091.42857142857,10115.2
2024-08-29,2024,08,4,11015,3842043.55,9916.59677419355,1.11,10070.142857142857,10094.966666666667
2024-08-30,2024,08,5,11436,3706818.63,9916.59677419355,1.15,10073.0,10124.0
2024-08-31,2024,08,6,6823,2136261.85,9916.59677419355,0.69,10014.857142857143,9975.766666666666
2024-09-01,2024,09,0,5807,1928037.62,8295.233333333334,0.7,9873.714285714286,9779.733333333334
2024-09-02,2024,09,1,10318,3353733.8,8295.233333333334,1.24,9737.714285714286,9892.633333333333
2024-09-03,2024,09,2,9424,3238174.36,8295.233333333334,1.14,9450.57142857143,9988.433333333332
2024-09-04,2024,09,3,9656,3144020.09,8295.233333333334,1.16,9211.285714285714,9940.366666666667
2024-09-05,2024,09,4,9479,3181253.18,8295.233333333334,1.14,8991.857142857143,9884.7
2024-09-06,2024,09,5,9044,3010656.99,8295.233333333334,1.09,8650.142857142857,9797.9
2024-09-07,2024,09,6,5451,1717709.24,8295.233333333334,0.66,8454.142857142857,9608.533333333333
2024-09-08,2024,09,0,5198,1708755.94,8295.233333333334,0.63,8367.142857142857,9393.933333333332
2024-09-09,2024,09,1,9502,3242710.02,8295.233333333334,1.15,8250.57142857143,9468.7
2024-09-10,2024,09,2,9356,3091421.33,8295.233333333334,1.13,8240.857142857143,9555.4
2024-09-11,2024,09,3,9226,2914911.9899999998,8295.233333333334,1.11,8179.428571428572,9492.133333333333
2024-09-12,2024,09,4,9777,3264040.91,8295.233333333334,1.18,8222.0,9436.833333333334
2024-09-13,2024,09,5,9391,3110505.61,8295.233333333334,1.13,8271.57142857143,9384.666666666666
2024-09-14,2024,09,6,5779,1803225.25,8295.233333333334,0.7,8318.42857142857,9211.766666666666
2024-09-15,2024,09,0,5945,1964670.37,8295.233333333334,0.72,8425.142857142857,9031.233333333334
2024-09-16,2024,09,1,9009,2858186.32,8295.233333333334,1.09,8354.714285714286,9104.366666666667
2024-09-17,2024,09,2,9421,3188505.36,8295.233333333334,1.14,8364.0,9187.7
2024-09-18,2024,09,3,9284,2951759.35,8295.233333333334,1.12,8372.285714285714,9109.4
2024-09-19,2024,09,4,9155,3107156.68,8295.233333333334,1.1,8283.42857142857,9045.1
2024-09-20,2024,09,5,9642,3231394.11,8295.233333333334,1.16,8319.285714285714,8992.6
2024-09-21,2024,09,6,5763,1953564.62,8295.233333333334,0.69,8317.0,8812.566666666668
2024-09-22,2024,09,0,5596,1850861.25,8295.233333333334,0.67,8267.142857142857,8618.566666666668
2024-09-23,2024,09,1,9115,2875651.93,8295.233333333334,1.1,8282.285714285714,8681.4
2024-09-24,2024,09,2,9516,3215544.18,8295.233333333334,1.15,8295.857142857143,8772.1
2024-09-25,2024,09,3,9348,3083852.33,8295.233333333334,1.13,8305.0,8708.033333333333
2024-09-26,2024,09,4,9044,2888807.24,8295.233333333334,1.09,8289.142857142857,8628.366666666667
2024-09-27,2024,09,5,9188,2976046.49,8295.233333333334,1.11,8224.285714285714,8556.933333333332
2024-09-28,2024,09,6,5473,1876305.14,8295.233333333334,0.66,8182.857142857143,8372.2
2024-09-29,2024,09,0,5880,1933770.55,8295.233333333334,0.71,8223.42857142857,8187.0
2024-09-30,2024,09,1,9223,2894711.55,8295.233333333334,1.11,8238.857142857143,8267.0
2024-10-01,2024,10,2,9799,3209559.27,8397.91935483871,1.17,8279.285714285714,8400.066666666668
2024-10-02,2024,10,3,9068,2963057.48,8397.91935483871,1.08,8239.285714285714,8358.4
2024-10-03,2024,10,4,9040,2972232.73,8397.91935483871,1.08,8238.714285714286,8345.6
2024-10-04,2024,10,5,9496,3171026.52,8397.91935483871,1.13,8282.714285714286,8340.266666666666
2024-10-05,2024,10,6,5893,1915203.33,8397.91935483871,0.7,8342.714285714286,8220.733333333334
2024-10-06,2024,10,0,5766,1831042.06,8397.91935483871,0.69,8326.42857142857,8111.466666666666
2024-10-07,2024,10,1,9277,3105702.23,8397.91935483871,1.1,8334.142857142857,8239.0
2024-10-08,2024,10,2,8947,2869282.39,8397.91935483871,1.07,8212.42857142857,8363.966666666667
2024-10-09,2024,10,3,9585,3151215.84,8397.91935483871,1.14,8286.285714285714,8366.733333333334
2024-10-10,2024,10,4,9706,3120015.02,8397.91935483871,1.16,8381.42857142857,8378.4
2024-10-11,2024,10,5,9289,3204545.7,8397.91935483871,1.11,8351.857142857143,8380.5
2024-10-12,2024,10,6,5836,1859741.82,8397.91935483871,0.69,8343.714285714286,8249.133333333333
2024-10-13,2024,10,0,5689,1892760.93,8397.91935483871,0.68,8332.714285714286,8125.733333333334
2024-10-14,2024,10,1,9291,2901380.65,8397.91935483871,1.11,8334.714285714286,8242.8
2024-10-15,2024,10,2,8926,2884226.84,8397.91935483871,1.06,8331.714285714286,8342.166666666666
2024-10-16,2024,10,3,9247,3070094.86,8397.91935483871,1.1,8283.42857142857,8350.1
2024-10-17,2024,10,4,9395,3070994.18,8397.91935483871,1.12,8239.0,8349.233333333334
2024-10-18,2024,10,5,9249,3034282.91,8397.91935483871,1.1,8233.285714285714,8348.066666666668
2024-10-19,2024,10,6,5382,1803120.47,8397.91935483871,0.64,8168.428571428572,8222.3
2024-10-20,2024,10,0,5717,1921569.15,8397.91935483871,0.68,8172.428571428572,8091.466666666666
2024-10-21,2024,10,1,9544,3178250.31,8397.91935483871,1.14,8208.57142857143,8217.5
2024-10-22,2024,10,2,9242,3004027.68,8397.91935483871,1.1,8253.714285714286,8339.033333333333
2024-10-23,2024,10,3,9299,3015392.25,8397.91935483871,1.11,8261.142857142857,8345.166666666666
2024-10-24,2024,10,4,9740,3096341.37,8397.91935483871,1.16,8310.42857142857,8352.633333333333
2024-10-25,2024,10,5,9762,3260002.84,8397.91935483871,1.16,8383.714285714286,8366.433333333332
2024-10-26,2024,10,6,5583,1923135.76,8397.91935483871,0.66,8412.42857142857,8251.066666666668
2024-10-27,2024,10,0,5840,1932114.4,8397.91935483871,0.7,8430.0,8139.466666666666
2024-10-28,2024,10,1,9294,3031678.48,8397.91935483871,1.11,8394.285714285714,8266.833333333334
2024-10-29,2024,10,2,9199,3013039.5,8397.91935483871,1.1,8388.142857142857,8377.466666666667
2024-10-30,2024,10,3,9359,3019722.77,8397.91935483871,1.11,8396.714285714286,8382.0
2024-10-31,2024,10,4,9661,3097719.94,8397.91935483871,1.15,8385.42857142857,8377.4
2024-11-01,2024,11,5,17032,5608224.89,14818.45,1.15,9424.0,8642.866666666667
2024-11-02,2024,11,6,10499,3307835.49,14818.45,0.71,10126.285714285714,8691.5
2024-11-03,2024,11,0,10380,3346932.84,14818.45,0.7,10774.857142857143,8720.966666666667
2024-11-04,2024,11,1,16523,5660541.2,14818.45,1.12,11807.57142857143,9075.3
2024-11-05,2024,11,2,17370,5646546.35,14818.45,1.17,12974.857142857143,9462.1
2024-11-06,2024,11,3,16886,5567563.51,14818.45,1.14,14050.142857142857,9715.733333333334
2024-11-07,2024,11,4,16372,5468923.09,14818.45,1.1,15008.857142857143,9963.233333333334
2024-11-08,2024,11,5,17328,5633874.85,14818.45,1.17,15051.142857142857,10221.333333333334
2024-11-09,2024,11,6,9948,3240256.89,14818.45,0.67,14972.42857142857,10229.4
2024-11-10,2024,11,0,9751,3256115.89,14818.45,0.66,14882.57142857143,10244.8
2024-11-11,2024,11,1,16950,5423719.8,14818.45,1.14,14943.57142857143,10615.266666666666
2024-11-12,2024,11,2,17136,5649176.48,14818.45,1.16,14910.142857142857,10996.833333333334
2024-11-13,2024,11,3,16637,5513723.84,14818.45,1.12,14874.57142857143,11241.7
2024-11-14,2024,11,4,16834,5735000.13,14818.45,1.14,14940.57142857143,11505.3
2024-11-15,2024,11,5,17489,5780909.22,14818.45,1.18,14963.57142857143,11780.033333333333
2024-11-16,2024,11,6,10279,3268895.07,14818.45,0.69,15010.857142857143,11809.5
2024-11-17,2024,11,0,10178,3327502.58,14818.45,0.69,15071.857142857143,11840.466666666667
2024-11-18,2024,11,1,17424,5725377.14,14818.45,1.18,15139.57142857143,12241.866666666667
2024-11-19,2024,11,2,17049,5678952.19,14818.45,1.15,15127.142857142857,12619.6
2024-11-20,2024,11,3,17257,5817626.89,14818.45,1.16,15215.714285714286,12876.7
2024-11-21,2024,11,4,16743,5742271.09,14818.45,1.13,15202.714285714286,13126.733333333334
2024-11-22,2024,11,5,16406,5448776.15,14818.45,1.11,15048.0,13363.633333333333
2024-11-23,2024,11,6,11091,3602848.62,14818.45,0.75,15164.0,13408.666666666666
2024-11-24,2024,11,0,10101,3290595.82,14818.45,0.68,15153.0,13419.966666666667
2024-11-25,2024,11,1,16918,5806822.0,14818.45,1.14,15080.714285714286,13797.8
2024-11-26,2024,11,2,16361,5467821.23,14818.45,1.1,14982.42857142857,14148.5
2024-11-27,2024,11,3,16733,5423345.48,14818.45,1.13,14907.57142857143,14396.466666666667
2024-11-28,2024,11,4,17422,5815718.05,14818.45,1.18,15004.57142857143,14670.566666666668
2024-11-29,2024,11,5,16870,5823426.9,14818.45,1.14,15070.857142857143,14920.933333333332
2024-11-30,2024,11,6,10479,3463249.22,14818.45,0.71,14983.42857142857,14948.2
2024-12-01,2024,12,0,9963,3286849.62,15098.758064516129,0.66,14963.714285714286,14712.566666666668
2024-12-02,2024,12,1,17049,5632291.06,15098.758064516129,1.13,14982.42857142857,14930.9
2024-12-03,2024,12,2,16545,5355146.04,15098.758064516129,1.1,15008.714285714286,15136.4
2024-12-04,2024,12,3,17219,5459240.12,15098.758064516129,1.14,15078.142857142857,15159.6
2024-12-05,2024,12,4,17098,5364337.55,15098.758064516129,1.13,15031.857142857143,15150.533333333333
2024-12-06,2024,12,5,17002,5607408.4,15098.758064516129,1.13,15050.714285714286,15154.4
2024-12-07,2024,12,6,9996,3271542.25,15098.758064516129,0.66,14981.714285714286,14941.866666666667
2024-12-08,2024,12,0,9944,3310704.24,15098.758064516129,0.66,14979.0,14695.733333333334
2024-12-09,2024,12,1,16980,5433852.05,15098.758064516129,1.12,14969.142857142857,14930.133333333333
2024-12-10,2024,12,2,17521,5645814.55,15098.758064516129,1.16,15108.57142857143,15189.133333333333
2024-12-11,2024,12,3,17094,5717050.7299999995,15098.758064516129,1.13,15090.714285714286,15193.933333333332
2024-12-12,2024,12,4,18031,6125449.83,15098.758064516129,1.19,15224.0,15223.766666666666
2024-12-13,2024,12,5,16823,5502042.78,15098.758064516129,1.11,15198.42857142857,15229.966666666667
2024-12-14,2024,12,6,10419,3618002.91,15098.758064516129,0.69,15258.857142857143,15016.133333333333
2024-12-15,2024,12,0,10242,3424622.1,15098.758064516129,0.68,15301.42857142857,14774.566666666668
2024-12-16,2024,12,1,16805,5403595.99,15098.758064516129,1.11,15276.42857142857,14992.1
2024-12-17,2024,12,2,17033,5627656.06,15098.758064516129,1.13,15206.714285714286,15220.6
2024-12-18,2024,12,3,16653,5637212.89,15098.758064516129,1.1,15143.714285714286,15194.9
2024-12-19,2024,12,4,17461,5825762.2,15098.758064516129,1.16,15062.285714285714,15208.633333333333
2024-12-20,2024,12,5,17382,5922720.84,15098.758064516129,1.15,15142.142857142857,15212.8
2024-12-21,2024,12,6,9678,3207803.62,15098.758064516129,0.64,15036.285714285714,14977.3
2024-12-22,2024,12,0,10337,3422798.4,15098.758064516129,0.68,15049.857142857143,14775.0
2024-12-23,2024,12,1,17244,5613861.56,15098.758064516129,1.14,15112.57142857143,14980.1
2024-12-24,2024,12,2,16649,5265257.93,15098.758064516129,1.1,15057.714285714286,15198.366666666667
2024-12-25,2024,12,3,16552,5388060.22,15098.758064516129,1.1,15043.285714285714,15186.166666666666
2024-12-26,2024,12,4,17160,5768808.99,15098.758064516129,1.14,15000.285714285714,15212.8
2024-12-27,2024,12,5,16732,5538817.62,15098.758064516129,1.11,14907.42857142857,15212.766666666666
2024-12-28,2024,12,6,10295,3325991.21,15098.758064516129,0.68,14995.57142857143,14975.2
2024-12-29,2024,12,0,10263,3423950.12,15098.758064516129,0.68,14985.0,14754.966666666667
2024-12-30,2024,12,1,16303,5448983.96,15098.758064516129,1.08,14850.57142857143,14949.1
2024-12-31,2024,12,2,16608,5791786.83,15098.758064516129,1.1,14844.714285714286,15170.6
2025-01-01,2025,01,3,6365,1987309.55,5896.774193548387,1.08,13389.42857142857,14814.466666666667
2025-01-02,2025,01,4,6544,2143929.0,5896.774193548387,1.11,11872.857142857143,14481.1
2025-01-03,2025,01,5,6246,2027198.46,5896.774193548387,1.06,10374.857142857143,14115.333333333334
2025-01-04,2025,01,6,3819,1247916.8699999999,5896.774193548387,0.65,9449.714285714286,13672.7
2025-01-05,2025,01,0,4064,1270902.18,5896.774193548387,0.69,8564.142857142857,13241.433333333332
2025-01-06,2025,01,1,6723,2218266.94,5896.774193548387,1.14,7195.571428571428,13132.333333333334
2025-01-07,2025,01,2,6667,2250284.9,5896.774193548387,1.13,5775.428571428572,13023.1
2025-01-08,2025,01,3,6876,2336939.0,5896.774193548387,1.17,5848.428571428572,12686.3
2025-01-09,2025,01,4,6180,2043156.58,5896.774193548387,1.05,5796.428571428572,12308.266666666666
2025-01-10,2025,01,5,6707,2206895.04,5896.774193548387,1.14,5862.285714285715,11962.033333333333
2025-01-11,2025,01,6,3884,1223841.77,5896.774193548387,0.66,5871.571428571428,11490.466666666667
2025-01-12,2025,01,0,3918,1334575.52,5896.774193548387,0.66,5850.714285714285,11060.3
2025-01-13,2025,01,1,6696,2102342.46,5896.774193548387,1.14,5846.857142857143,10936.2
2025-01-14,2025,01,2,6557,2162204.67,5896.774193548387,1.11,5831.142857142857,10813.366666666667
2025-01-15,2025,01,3,6710,2087643.28,5896.774193548387,1.14,5807.428571428572,10476.866666666667
2025-01-16,2025,01,4,6526,2126594.74,5896.774193548387,1.11,5856.857142857143,10126.633333333333
2025-01-17,2025,01,5,6379,2164996.46,5896.774193548387,1.08,5810.0,9784.166666666666
2025-01-18,2025,01,6,4081,1314305.39,5896.774193548387,0.69,5838.142857142857,9338.166666666666
2025-01-19,2025,01,0,3887,1291846.69,5896.774193548387,0.66,5833.714285714285,8888.333333333334
2025-01-20,2025,01,1,6422,2093523.86,5896.774193548387,1.09,5794.571428571428,8779.8
2025-01-21,2025,01,2,6704,2175540.2,5896.774193548387,1.14,5815.571428571428,8658.7
2025-01-22,2025,01,3,6281,2000218.31,5896.774193548387,1.07,5754.285714285715,8293.266666666666
2025-01-23,2025,01,4,6476,2100388.37,5896.774193548387,1.1,5747.142857142857,7954.166666666667
2025-01-24,2025,01,5,6751,2239768.47,5896.774193548387,1.14,5800.285714285715,7627.466666666666
2025-01-25,2025,01,6,3849,1298348.1,5896.774193548387,0.65,5767.142857142857,7183.766666666666
2025-01-26,2025,01,0,3889,1273563.4,5896.774193548387,0.66,5767.428571428572,6755.666666666667
2025-01-27,2025,01,1,6456,2050025.44,5896.774193548387,1.09,5772.285714285715,6627.7
2025-01-28,2025,01,2,6702,2191766.42,5896.774193548387,1.14,5772.0,6509.0
2025-01-29,2025,01,3,6494,2147044.83,5896.774193548387,1.1,5802.428571428572,6182.033333333334
2025-01-30,2025,01,4,6285,2116190.94,5896.774193548387,1.07,5775.142857142857,5837.933333333333
2025-01-31,2025,01,5,6586,2262684.09,5896.774193548387,1.12,5751.571428571428,5845.3
2025-02-01,2025,02,6,4016,1287579.21,5805.473684210527,0.69,5775.428571428572,5761.033333333334
2025-02-02,2025,02,0,3877,1286821.54,5805.473684210527,0.67,5773.714285714285,5682.066666666667
2025-02-03,2025,02,1,6719,2216814.49,5805.473684210527,1.16,5811.285714285715,5778.733333333334
2025-02-04,2025,02,2,6549,2119321.09,5805.473684210527,1.13,5789.428571428572,5861.566666666667
2025-02-05,2025,02,3,6485,2142927.69,5805.473684210527,1.12,5788.142857142857,5853.633333333333
2025-02-06,2025,02,4,6748,2260835.39,5805.473684210527,1.16,5854.285714285715,5856.333333333333
2025-02-07,2025,02,5,6403,2192117.25,5805.473684210527,1.1,5828.142857142857,5840.566666666667
2025-02-08,2025,02,6,3908,1293143.3,5805.473684210527,0.67,5812.714285714285,5764.833333333333
2025-02-09,2025,02,0,3908,1315713.03,5805.473684210527,0.67,5817.142857142857,5671.533333333334
2025-02-10,2025,02,1,6314,1951083.73,5805.473684210527,1.09,5759.285714285715,5752.533333333334
2025-02-11,2025,02,2,6580,2237064.23,5805.473684210527,1.13,5763.714285714285,5841.266666666666
2025-02-12,2025,02,3,6712,2158055.93,5805.473684210527,1.16,5796.142857142857,5841.8
2025-02-13,2025,02,4,6633,2265485.32,5805.473684210527,1.14,5779.714285714285,5844.333333333333
2025-02-14,2025,02,5,6827,2382071.73,5805.473684210527,1.18,5840.285714285715,5848.233333333334
2025-02-15,2025,02,6,3873,1284197.67,5805.473684210527,0.67,5835.285714285715,5759.8
2025-02-16,2025,02,0,4053,1325093.58,5805.473684210527,0.7,5856.0,5682.266666666666
2025-02-17,2025,02,1,6764,2182807.69,5805.473684210527,1.17,5920.285714285715,5771.7
2025-02-18,2025,02,2,6374,2117337.19,5805.473684210527,1.1,5890.857142857143,5854.6
2025-02-19,2025,02,3,6415,2088975.19,5805.473684210527,1.1,5848.428571428572,5854.366666666667
2025-02-20,2025,02,4,6481,2246955.29,5805.473684210527,1.12,5826.714285714285,5846.933333333333
2025-02-21,2025,02,5,6801,2235089.81,5805.473684210527,1.17,5823.0,5864.266666666666
2025-02-22,2025,02,6,4006,1237361.74,5805.473684210527,0.69,5842.0,5781.933333333333
2025-02-23,2025,02,0,3845,1317562.45,5805.473684210527,0.66,5812.285714285715,5685.066666666667
2025-02-24,2025,02,1,6487,2098071.81,5805.473684210527,1.12,5772.714285714285,5773.0
2025-02-25,2025,02,2,6538,2026000.19,5805.473684210527,1.13,5796.142857142857,5861.3
2025-02-26,2025,02,3,6369,2084248.44,5805.473684210527,1.1,5789.571428571428,5858.4
2025-02-27,2025,02,4,6499,2143714.42,5805.473684210527,1.12,5792.142857142857,5851.633333333333
2025-02-28,2025,02,5,6497,2172012.28,5805.473684210527,1.12,5748.714285714285,5851.733333333334
2025-03-01,2025,03,6,5528,1873745.83,8238.564516129032,0.67,5966.142857142857,5826.5
2025-03-02,2025,03,0,5568,1836380.62,8238.564516129032,0.68,6212.285714285715,5792.566666666667
2025-03-03,2025,03,1,9512,3124136.03,8238.564516129032,1.15,6644.428571428572,5975.766666666666
2025-03-04,2025,03,2,9323,3077757.86,8238.564516129032,1.13,7042.285714285715,6157.3
2025-03-05,2025,03,3,9818,3132722.04,8238.564516129032,1.19,7535.0,6260.6
2025-03-06,2025,03,4,9402,3086154.26,8238.564516129032,1.14,7949.714285714285,6355.7
2025-03-07,2025,03,5,9619,3220973.2,8238.564516129032,1.17,8395.714285714286,6460.166666666667
2025-03-08,2025,03,6,5808,1881146.36,8238.564516129032,0.7,8435.714285714286,6428.833333333333
2025-03-09,2025,03,0,5681,1950289.21,8238.564516129032,0.69,8451.857142857143,6404.766666666666
2025-03-10,2025,03,1,9174,3062335.03,8238.564516129032,1.11,8403.57142857143,6580.3
2025-03-11,2025,03,2,9670,3243878.91,8238.564516129032,1.17,8453.142857142857,6772.366666666667
2025-03-12,2025,03,3,9432,3078253.65,8238.564516129032,1.14,8398.0,6876.3
2025-03-13,2025,03,4,9001,3100383.84,8238.564516129032,1.09,8340.714285714286,6957.0
2025-03-14,2025,03,5,9132,2978117.69,8238.564516129032,1.11,8271.142857142857,7037.666666666667
2025-03-15,2025,03,6,5577,1828674.05,8238.564516129032,0.68,8238.142857142857,7002.466666666666
2025-03-16,2025,03,0,5822,1978409.37,8238.564516129032,0.71,8258.285714285714,6968.966666666666
2025-03-17,2025,03,1,10178,3254130.13,8238.564516129032,1.24,8401.714285714286,7179.133333333333
2025-03-18,2025,03,2,10132,3261682.04,8238.564516129032,1.23,8467.714285714286,7381.766666666666
2025-03-19,2025,03,3,9301,3268493.11,8238.564516129032,1.13,8449.0,7466.333333333333
2025-03-20,2025,03,4,9817,3190035.45,8238.564516129032,1.19,8565.57142857143,7581.1
2025-03-21,2025,03,5,9626,3143303.9,8238.564516129032,1.17,8636.142857142857,7688.133333333333
2025-03-22,2025,03,6,5505,1827991.28,8238.564516129032,0.67,8625.857142857143,7655.6
2025-03-23,2025,03,0,5741,1858225.92,8238.564516129032,0.7,8614.285714285714,7620.266666666666
2025-03-24,2025,03,1,9735,3033959.16,8238.564516129032,1.18,8551.0,7811.233333333334
2025-03-25,2025,03,2,9469,3210735.52,8238.564516129032,1.15,8456.285714285714,7998.7
2025-03-26,2025,03,3,9231,3117309.1,8238.564516129032,1.12,8446.285714285714,8090.166666666667
2025-03-27,2025,03,4,9713,3077873.08,8238.564516129032,1.18,8431.42857142857,8196.0
2025-03-28,2025,03,5,10062,3316226.18,8238.564516129032,1.22,8493.714285714286,8319.1
2025-03-29,2025,03,6,5845,1969429.35,8238.564516129032,0.71,8542.285714285714,8297.3
2025-03-30,2025,03,0,5317,1747099.03,8238.564516129032,0.65,8481.714285714286,8257.966666666667
2025-03-31,2025,03,1,8925,3002655.21,8238.564516129032,1.08,8366.0,8371.2
2025-04-01,2025,04,2,9403,3163047.37,8380.85,1.12,8356.57142857143,8499.033333333333
2025-04-02,2025,04,3,9566,3095043.4,8380.85,1.14,8404.42857142857,8500.833333333334
2025-04-03,2025,04,4,9291,3021616.33,8380.85,1.11,8344.142857142857,8499.766666666666
2025-04-04,2025,04,5,9491,3129385.77,8380.85,1.13,8262.57142857143,8488.866666666667
2025-04-05,2025,04,6,5754,1962762.34,8380.85,0.69,8249.57142857143,8367.266666666666
2025-04-06,2025,04,0,5478,1774273.1,8380.85,0.65,8272.57142857143,8229.233333333334
2025-04-07,2025,04,1,9429,2940669.78,8380.85,1.13,8344.57142857143,8349.933333333332
2025-04-08,2025,04,2,9172,2955807.62,8380.85,1.09,8311.57142857143,8466.3
2025-04-09,2025,04,3,9532,3261850.78,8380.85,1.14,8306.714285714286,8478.233333333334
2025-04-10,2025,04,4,9600,3244220.27,8380.85,1.15,8350.857142857143,8475.9
2025-04-11,2025,04,5,9360,3162333.7,8380.85,1.12,8332.142857142857,8473.5
2025-04-12,2025,04,6,5746,1860101.81,8380.85,0.69,8331.0,8365.0
2025-04-13,2025,04,0,5961,1961796.95,8380.85,0.71,8400.0,8259.3
2025-04-14,2025,04,1,9243,3046770.73,8380.85,1.1,8373.42857142857,8381.5
2025-04-15,2025,04,2,9363,3011097.38,8380.85,1.12,8400.714285714286,8499.533333333333
2025-04-16,2025,04,3,9110,3212383.71,8380.85,1.09,8340.42857142857,8463.933333333332
2025-04-17,2025,04,4,9555,3032019.88,8380.85,1.14,8334.0,8444.7
2025-04-18,2025,04,5,9059,3092779.18,8380.85,1.08,8291.0,8436.633333333333
2025-04-19,2025,04,6,5640,1911730.35,8380.85,0.67,8275.857142857143,8297.4
2025-04-20,2025,04,0,5639,1839668.78,8380.85,0.67,8229.857142857143,8164.5
2025-04-21,2025,04,1,9398,3148807.3,8380.85,1.12,8252.0,8294.266666666666
2025-04-22,2025,04,2,9341,3103737.72,8380.85,1.11,8248.857142857143,8414.266666666666
2025-04-23,2025,04,3,9467,3182599.49,8380.85,1.13,8299.857142857143,8405.333333333334
2025-04-24,2025,04,4,9554,2997906.52,8380.85,1.14,8299.714285714286,8408.166666666666
2025-04-25,2025,04,5,9727,3193602.1,8380.85,1.16,8395.142857142857,8424.7
2025-04-26,2025,04,6,5963,1950868.81,8380.85,0.71,8441.285714285714,8299.7
2025-04-27,2025,04,0,5811,1960915.95,8380.85,0.69,8465.857142857143,8158.0
2025-04-28,2025,04,1,9544,3054543.5,8380.85,1.14,8486.714285714286,8281.3
2025-04-29,2025,04,2,9919,3365016.97,8380.85,1.18,8569.285714285714,8434.7
2025-04-30,2025,04,3,9791,3185116.08,8380.85,1.17,8615.57142857143,8463.566666666668
2025-05-01,2025,05,4,9517,3127241.85,8328.91935483871,1.14,8610.285714285714,8467.366666666667
2025-05-02,2025,05,5,9296,3143604.33,8328.91935483871,1.12,8548.714285714286,8458.366666666667
2025-05-03,2025,05,6,5638,1816242.52,8328.91935483871,0.68,8502.285714285714,8336.6
2025-05-04,2025,05,0,5574,1891578.92,8328.91935483871,0.67,8468.42857142857,8206.033333333333
2025-05-05,2025,05,1,9471,3122724.35,8328.91935483871,1.14,8458.0,8329.933333333332
2025-05-06,2025,05,2,9577,3135974.08,8328.91935483871,1.15,8409.142857142857,8466.566666666668
2025-05-07,2025,05,3,8933,3042082.62,8328.91935483871,1.07,8286.57142857143,8450.033333333333
2025-05-08,2025,05,4,9678,3139992.29,8328.91935483871,1.16,8309.57142857143,8466.9
2025-05-09,2025,05,5,9128,3087804.91,8328.91935483871,1.1,8285.57142857143,8453.433333333332
2025-05-10,2025,05,6,5597,1757510.74,8328.91935483871,0.67,8279.714285714286,8320.0
2025-05-11,2025,05,0,5521,1887501.35,8328.91935483871,0.66,8272.142857142857,8192.033333333333
2025-05-12,2025,05,1,9944,3219758.26,8328.91935483871,1.19,8339.714285714286,8331.966666666667
2025-05-13,2025,05,2,9217,3070761.97,8328.91935483871,1.11,8288.285714285714,8440.5
2025-05-14,2025,05,3,9174,2987588.15,8328.91935483871,1.1,8322.714285714286,8438.2
2025-05-15,2025,05,4,9450,2917726.53,8328.91935483871,1.13,8290.142857142857,8441.1
2025-05-16,2025,05,5,9537,3236304.76,8328.91935483871,1.15,8348.57142857143,8455.333333333334
2025-05-17,2025,05,6,5632,1864502.71,8328.91935483871,0.68,8353.57142857143,8324.566666666668
2025-05-18,2025,05,0,5469,1753334.05,8328.91935483871,0.66,8346.142857142857,8204.9
2025-05-19,2025,05,1,9430,3014963.72,8328.91935483871,1.13,8272.714285714286,8331.233333333334
2025-05-20,2025,05,2,9327,3143812.5,8328.91935483871,1.12,8288.42857142857,8454.166666666666
2025-05-21,2025,05,3,9318,3093391.29,8328.91935483871,1.12,8309.0,8451.5
2025-05-22,2025,05,4,9586,3043535.45,8328.91935483871,1.15,8328.42857142857,8459.666666666666
2025-05-23,2025,05,5,9248,2941830.33,8328.91935483871,1.11,8287.142857142857,8452.366666666667
2025-05-24,2025,05,6,5559,1835159.41,8328.91935483871,0.67,8276.714285714286,8319.2
2025-05-25,2025,05,0,5506,1803183.04,8328.91935483871,0.66,8282.0,8178.5
2025-05-26,2025,05,1,9500,3076978.53,8328.91935483871,1.14,8292.0,8296.4
2025-05-27,2025,05,2,9413,3148880.72,8328.91935483871,1.13,8304.285714285714,8416.466666666667
2025-05-28,2025,05,3,9235,3040225.03,8328.91935483871,1.11,8292.42857142857,8406.166666666666
2025-05-29,2025,05,4,9511,3076574.56,8328.91935483871,1.14,8281.714285714286,8392.566666666668
2025-05-30,2025,05,5,9643,3161908.5100000002,8328.91935483871,1.16,8338.142857142857,8387.633333333333
2025-05-31,2025,05,6,5681,1866220.18,8328.91935483871,0.68,8355.57142857143,8259.766666666666
2025-06-01,2025,06,0,6955,2310059.56,9903.533333333333,0.7,8562.57142857143,8181.733333333334
2025-06-02,2025,06,1,11380,3614449.52,9903.533333333333,1.15,8831.142857142857,8373.133333333333
2025-06-03,2025,06,2,11595,3902882.24,9903.533333333333,1.17,9142.857142857143,8573.833333333334
2025-06-04,2025,06,3,10914,3733242.77,9903.533333333333,1.1,9382.714285714286,8621.933333333332
2025-06-05,2025,06,4,11258,3889987.82,9903.533333333333,1.14,9632.285714285714,8677.966666666667
2025-06-06,2025,06,5,11825,3772905.03,9903.533333333333,1.19,9944.0,8774.366666666667
2025-06-07,2025,06,6,6540,2182816.19,9903.533333333333,0.66,10066.714285714286,8669.766666666666
2025-06-08,2025,06,0,6355,2106435.93,9903.533333333333,0.64,9981.0,8577.333333333334
2025-06-09,2025,06,1,11702,3865555.21,9903.533333333333,1.18,10027.0,8780.833333333334
2025-06-10,2025,06,2,11358,3758923.32,9903.533333333333,1.15,9993.142857142857,8975.4
2025-06-11,2025,06,3,11324,3801427.08,9903.533333333333,1.14,10051.714285714286,9021.4
2025-06-12,2025,06,4,11863,3660794.31,9903.533333333333,1.2,10138.142857142857,9109.6
2025-06-13,2025,06,5,11321,3716955.07,9903.533333333333,1.14,10066.142857142857,9181.166666666666
2025-06-14,2025,06,6,6572,2192677.69,9903.533333333333,0.66,10070.714285714286,9085.233333333334
2025-06-15,2025,06,0,6589,2184254.11,9903.533333333333,0.67,10104.142857142857,8986.966666666667
2025-06-16,2025,06,1,11115,3604970.2399999998,9903.533333333333,1.12,10020.285714285714,9169.733333333334
2025-06-17,2025,06,2,11189,3653953.42,9903.533333333333,1.13,9996.142857142857,9360.4
2025-06-18,2025,06,3,11614,3819023.35,9903.533333333333,1.17,10037.57142857143,9433.2
2025-06-19,2025,06,4,11837,3908377.94,9903.533333333333,1.2,10033.857142857143,9516.866666666667
2025-06-20,2025,06,5,11590,3862040.28,9903.533333333333,1.17,10072.285714285714,9592.6
2025-06-21,2025,06,6,7121,2329807.83,9903.533333333333,0.72,10150.714285714286,9510.433333333332
2025-06-22,2025,06,0,6765,2150067.59,9903.533333333333,0.68,10175.857142857143,9427.666666666666
2025-06-23,2025,06,1,11705,3775775.06,9903.533333333333,1.18,10260.142857142857,9632.533333333333
2025-06-24,2025,06,2,11255,3650664.18,9903.533333333333,1.14,10269.57142857143,9824.166666666666
2025-06-25,2025,06,3,11304,3641734.74,9903.533333333333,1.14,10225.285714285714,9884.3
2025-06-26,2025,06,4,11010,3568246.29,9903.533333333333,1.11,10107.142857142857,9937.533333333333
2025-06-27,2025,06,5,11146,3718129.7,9903.533333333333,1.13,10043.714285714286,10001.233333333334
2025-06-28,2025,06,6,7180,2341465.64,9903.533333333333,0.72,10052.142857142857,9923.533333333333
2025-06-29,2025,06,0,6733,2100133.26,9903.533333333333,0.68,10047.57142857143,9826.533333333333
2025-06-30,2025,06,1,11525,3767271.84,9903.533333333333,1.16,10021.857142857143,10021.333333333334
2025-07-01,2025,07,2,11746,3826952.98,10172.483870967742,1.15,10092.0,10181.033333333333
2025-07-02,2025,07,3,11205,3852796.4,10172.483870967742,1.1,10077.857142857143,10175.2
2025-07-03,2025,07,4,11425,3844659.97,10172.483870967742,1.12,10137.142857142857,10169.533333333333
2025-07-04,2025,07,5,11295,3704841.17,10172.483870967742,1.11,10158.42857142857,10182.233333333334
2025-07-05,2025,07,6,7055,2310127.34,10172.483870967742,0.69,10140.57142857143,10042.133333333333
2025-07-06,2025,07,0,6784,2348079.98,10172.483870967742,0.67,10147.857142857143,9874.1
2025-07-07,2025,07,1,11031,3718161.59,10172.483870967742,1.08,10077.285714285714,10023.8
2025-07-08,2025,07,2,11246,3475936.53,10172.483870967742,1.11,10005.857142857143,10186.833333333334
2025-07-09,2025,07,3,10909,3594318.65,10172.483870967742,1.07,9963.57142857143,10160.4
2025-07-10,2025,07,4,11403,3842210.24,10172.483870967742,1.12,9960.42857142857,10161.9
2025-07-11,2025,07,5,11402,3730614.15,10172.483870967742,1.12,9975.714285714286,10164.5
2025-07-12,2025,07,6,6793,2295628.44,10172.483870967742,0.67,9938.285714285714,9995.5
2025-07-13,2025,07,0,6602,2122636.45,10172.483870967742,0.65,9912.285714285714,9838.2
2025-07-14,2025,07,1,11412,3693616.61,10172.483870967742,1.12,9966.714285714286,9999.533333333333
2025-07-15,2025,07,2,11943,3957301.71,10172.483870967742,1.17,10066.285714285714,10178.0
2025-07-16,2025,07,3,11678,3832100.53,10172.483870967742,1.15,10176.142857142857,10196.766666666666
2025-07-17,2025,07,4,11514,3447582.88,10172.483870967742,1.13,10192.0,10207.6
2025-07-18,2025,07,5,11048,3559543.75,10172.483870967742,1.09,10141.42857142857,10188.733333333334
2025-07-19,2025,07,6,6827,2169895.53,10172.483870967742,0.67,10146.285714285714,10021.733333333334
2025-07-20,2025,07,0,6945,2362899.15,10172.483870967742,0.68,10195.285714285714,9866.9
2025-07-21,2025,07,1,10709,3527615.28,10172.483870967742,1.05,10094.857142857143,9986.5
2025-07-22,2025,07,2,10764,3488115.7,10172.483870967742,1.06,9926.42857142857,10119.8
2025-07-23,2025,07,3,11526,3695879.17,10172.483870967742,1.13,9904.714285714286,10113.833333333334
2025-07-24,2025,07,4,11507,3845180.53,10172.483870967742,1.13,9903.714285714286,10122.233333333334
2025-07-25,2025,07,5,11661,3689801.18,10172.483870967742,1.15,9991.285714285714,10134.133333333333
2025-07-26,2025,07,6,7050,2250716.14,10172.483870967742,0.69,10023.142857142857,10002.133333333333
2025-07-27,2025,07,0,6684,2124679.49,10172.483870967742,0.66,9985.857142857143,9853.4
2025-07-28,2025,07,1,11546,3873607.7199999997,10172.483870967742,1.14,10105.42857142857,9998.933333333332
2025-07-29,2025,07,2,11162,3700468.25,10172.483870967742,1.1,10162.285714285714,10146.566666666668
2025-07-30,2025,07,3,11279,3700246.53,10172.483870967742,1.11,10127.0,10138.366666666667
2025-07-31,2025,07,4,10874,3657403.65,10172.483870967742,1.07,10036.57142857143,10109.3
2025-08-01,2025,08,5,12027,4018629.0,9916.59677419355,1.21,10088.857142857143,10136.7
2025-08-02,2025,08,6,6958,2332098.14,9916.59677419355,0.7,10075.714285714286,9987.8
2025-08-03,2025,08,0,6651,2222474.61,9916.59677419355,0.67,10071.0,9833.0
2025-08-04,2025,08,1,11191,3792523.67,9916.59677419355,1.13,10020.285714285714,9970.866666666667
2025-08-05,2025,08,2,10874,3759531.64,9916.59677419355,1.1,9979.142857142857,10107.2
2025-08-06,2025,08,3,11487,3715600.27,9916.59677419355,1.16,10008.857142857143,10122.4
2025-08-07,2025,08,4,11687,3861008.44,9916.59677419355,1.18,10125.0,10137.1
2025-08-08,2025,08,5,11244,3726859.71,9916.59677419355,1.13,10013.142857142857,10148.266666666666
2025-08-09,2025,08,6,6827,2115272.91,9916.59677419355,0.69,9994.42857142857,9995.733333333334
2025-08-10,2025,08,0,6628,2194920.86,9916.59677419355,0.67,9991.142857142857,9836.6
2025-08-11,2025,08,1,11502,3612570.08,9916.59677419355,1.16,10035.57142857143,9993.566666666668
2025-08-12,2025,08,2,10953,3473786.75,9916.59677419355,1.1,10046.857142857143,10138.6
2025-08-13,2025,08,3,11681,3925249.11,9916.59677419355,1.18,10074.57142857143,10147.566666666668
2025-08-14,2025,08,4,11560,3827299.26,9916.59677419355,1.17,10056.42857142857,10134.8
2025-08-15,2025,08,5,11231,3753266.76,9916.59677419355,1.13,10054.57142857143,10119.9
2025-08-16,2025,08,6,6870,2306622.52,9916.59677419355,0.69,10060.714285714286,9965.1
2025-08-17,2025,08,0,6599,2209854.51,9916.59677419355,0.67,10056.57142857143,9816.8
2025-08-18,2025,08,1,10577,3806985.0,9916.59677419355,1.07,9924.42857142857,9941.8
2025-08-19,2025,08,2,11294,3632162.56,9916.59677419355,1.14,9973.142857142857,10086.766666666666
2025-08-20,2025,08,3,11027,3719638.86,9916.59677419355,1.11,9879.714285714286,10097.366666666667
2025-08-21,2025,08,4,11174,3727294.87,9916.59677419355,1.13,9824.57142857143,10111.033333333333
2025-08-22,2025,08,5,11192,3763648.07,9916.59677419355,1.13,9819.0,10099.9
2025-08-23,2025,08,6,6719,2163500.25,9916.59677419355,0.68,9797.42857142857,9940.3
2025-08-24,2025,08,0,6647,2166045.32,9916.59677419355,0.67,9804.285714285714,9773.166666666666
2025-08-25,2025,08,1,11178,3659317.87,9916.59677419355,1.13,9890.142857142857,9910.766666666666
2025-08-26,2025,08,2,11262,3685248.04,9916.59677419355,1.14,9885.57142857143,10063.366666666667
2025-08-27,2025,08,3,10666,3580581.29,9916.59677419355,1.08,9834.0,10034.033333333333
2025-08-28,2025,08,4,11880,3865601.73,9916.59677419355,1.2,9934.857142857143,10057.966666666667
2025-08-29,2025,08,5,10902,3561360.99,9916.59677419355,1.1,9893.42857142857,10045.4
2025-08-30,2025,08,6,6996,2298162.04,9916.59677419355,0.71,9933.0,9916.133333333333
2025-08-31,2025,08,0,6802,2287069.19,9916.59677419355,0.69,9955.142857142857,9741.966666666667
2025-09-01,2025,09,1,9313,3122961.67,8295.233333333334,1.12,9688.714285714286,9820.466666666667
2025-09-02,2025,09,2,9657,3318576.56,8295.233333333334,1.16,9459.42857142857,9920.666666666666
2025-09-03,2025,09,3,9663,3162072.56,8295.233333333334,1.16,9316.142857142857,9869.733333333334
2025-09-04,2025,09,4,9377,3043469.82,8295.233333333334,1.13,8958.57142857143,9819.833333333334
2025-09-05,2025,09,5,9333,3036186.23,8295.233333333334,1.13,8734.42857142857,9748.033333333333
2025-09-06,2025,09,6,5365,1758290.95,8295.233333333334,0.65,8501.42857142857,9537.3
2025-09-07,2025,09,0,5641,1837370.65,8295.233333333334,0.68,8335.57142857143,9350.533333333333
2025-09-08,2025,09,1,9250,3072007.86,8295.233333333334,1.12,8326.57142857143,9431.3
2025-09-09,2025,09,2,9143,3115134.81,8295.233333333334,1.1,8253.142857142857,9515.133333333333
2025-09-10,2025,09,3,9347,2952464.82,8295.233333333334,1.13,8208.0,9443.3
2025-09-11,2025,09,4,9091,2901712.47,8295.233333333334,1.1,8167.142857142857,9381.233333333334
2025-09-12,2025,09,5,9521,3136969.48,8295.233333333334,1.15,8194.0,9309.233333333334
2025-09-13,2025,09,6,5820,1967509.47,8295.233333333334,0.7,8259.0,9117.9
2025-09-14,2025,09,0,5878,1864591.32,8295.233333333334,0.71,8292.857142857143,8939.466666666667
2025-09-15,2025,09,1,9438,3195933.5,8295.233333333334,1.14,8319.714285714286,9025.066666666668
2025-09-16,2025,09,2,8791,2764842.65,8295.233333333334,1.06,8269.42857142857,9098.133333333333
2025-09-17,2025,09,3,9291,2977893.04,8295.233333333334,1.12,8261.42857142857,9055.266666666666
2025-09-18,2025,09,4,9087,3024097.04,8295.233333333334,1.1,8260.857142857143,8981.7
2025-09-19,2025,09,5,9440,3112767.32,8295.233333333334,1.14,8249.285714285714,8928.8
2025-09-20,2025,09,6,5843,2062061.6,8295.233333333334,0.7,8252.57142857143,8751.1
2025-09-21,2025,09,0,5283,1845045.6300000001,8295.233333333334,0.64,8167.571428571428,8554.133333333333
2025-09-22,2025,09,1,8931,2982003.96,8295.233333333334,1.08,8095.142857142857,8627.866666666667
2025-09-23,2025,09,2,9481,3072189.06,8295.233333333334,1.14,8193.714285714286,8722.333333333334
2025-09-24,2025,09,3,9302,3119849.08,8295.233333333334,1.12,8195.285714285714,8659.8
2025-09-25,2025,09,4,9528,3104402.34,8295.233333333334,1.15,8258.285714285714,8602.0
2025-09-26,2025,09,5,9242,3157515.0,8295.233333333334,1.11,8230.0,8554.533333333333
2025-09-27,2025,09,6,5719,1820813.81,8295.233333333334,0.69,8212.285714285714,8349.166666666666
2025-09-28,2025,09,0,5766,1908271.71,8295.233333333334,0.7,8281.285714285714,8177.966666666666
2025-09-29,2025,09,1,9254,3130280.77,8295.233333333334,1.12,8327.42857142857,8253.233333333334
2025-09-30,2025,09,2,8909,3106053.4,8295.233333333334,1.07,8245.714285714286,8323.466666666667
2025-10-01,2025,10,3,9368,2949182.47,8397.91935483871,1.12,8255.142857142857,8325.3
2025-10-02,2025,10,4,9357,2963708.66,8397.91935483871,1.11,8230.714285714286,8315.3
2025-10-03,2025,10,5,9185,3056634.87,8397.91935483871,1.09,8222.57142857143,8299.366666666667
2025-10-04,2025,10,6,5540,1870677.57,8397.91935483871,0.66,8197.0,8171.466666666666
2025-10-05,2025,10,0,5530,1791959.37,8397.91935483871,0.66,8163.285714285715,8044.7
2025-10-06,2025,10,1,9285,2952441.22,8397.91935483871,1.11,8167.714285714285,8175.366666666667
2025-10-07,2025,10,2,9572,3136514.38,8397.91935483871,1.14,8262.42857142857,8306.4
2025-10-08,2025,10,3,9127,2914319.05,8397.91935483871,1.09,8228.0,8302.3
2025-10-09,2025,10,4,8912,2859254.77,8397.91935483871,1.06,8164.428571428572,8294.6
2025-10-10,2025,10,5,9318,3221037.56,8397.91935483871,1.11,8183.428571428572,8293.633333333333
2025-10-11,2025,10,6,5650,1922244.99,8397.91935483871,0.67,8199.142857142857,8178.933333333333
2025-10-12,2025,10,0,5721,1816464.81,8397.91935483871,0.68,8226.42857142857,8052.266666666666
2025-10-13,2025,10,1,9332,2974866.3,8397.91935483871,1.11,8233.142857142857,8169.333333333333
2025-10-14,2025,10,2,9726,3179663.9,8397.91935483871,1.16,8255.142857142857,8297.6
2025-10-15,2025,10,3,9706,3136499.27,8397.91935483871,1.16,8337.857142857143,8306.533333333333
2025-10-16,2025,10,4,9645,3169137.98,8397.91935483871,1.15,8442.57142857143,8335.0
2025-10-17,2025,10,5,9525,3053174.9899999998,8397.91935483871,1.13,8472.142857142857,8342.8
2025-10-18,2025,10,6,5654,1843259.28,8397.91935483871,0.67,8472.714285714286,8228.366666666667
2025-10-19,2025,10,0,5827,1868973.69,8397.91935483871,0.69,8487.857142857143,8107.933333333333
2025-10-20,2025,10,1,9044,2970020.17,8397.91935483871,1.08,8446.714285714286,8214.633333333333
2025-10-21,2025,10,2,8907,2871097.89,8397.91935483871,1.06,8329.714285714286,8335.433333333332
2025-10-22,2025,10,3,9304,3023962.03,8397.91935483871,1.11,8272.285714285714,8347.866666666667
2025-10-23,2025,10,4,8948,2849916.45,8397.91935483871,1.07,8172.714285714285,8330.1
2025-10-24,2025,10,5,9510,3287306.35,8397.91935483871,1.13,8170.571428571428,8337.033333333333
2025-10-25,2025,10,6,5566,1788964.52,8397.91935483871,0.66,8158.0,8204.966666666667
2025-10-26,2025,10,0,5595,1726677.65,8397.91935483871,0.67,8124.857142857143,8083.4
2025-10-27,2025,10,1,9620,3283757.92,8397.91935483871,1.15,8207.142857142857,8213.433333333332
2025-10-28,2025,10,2,8970,3075572.9,8397.91935483871,1.07,8216.142857142857,8320.233333333334
2025-10-29,2025,10,3,9628,3199389.11,8397.91935483871,1.15,8262.42857142857,8332.7
2025-10-30,2025,10,4,9533,3111493.83,8397.91935483871,1.14,8346.0,8353.5
2025-10-31,2025,10,5,8945,3035129.19,8397.91935483871,1.07,8265.285714285714,8339.4
2025-11-01,2025,11,6,9740,3237971.74,14818.45,0.66,8861.57142857143,8352.166666666666
2025-11-02,2025,11,0,10258,3322406.91,14818.45,0.69,9527.714285714286,8387.933333333332
2025-11-03,2025,11,1,17589,5716498.01,14818.45,1.19,10666.142857142857,8789.566666666668
2025-11-04,2025,11,2,16526,5511693.76,14818.45,1.12,11745.57142857143,9156.1
2025-11-05,2025,11,3,16470,5359416.96,14818.45,1.11,12723.0,9395.6
2025-11-06,2025,11,4,16498,5520107.69,14818.45,1.11,13718.0,9626.466666666667
2025-11-07,2025,11,5,17103,5313992.4799999995,14818.45,1.15,14883.42857142857,9892.333333333334
2025-11-08,2025,11,6,10268,3422246.68,14818.45,0.69,14958.857142857143,9937.533333333333
2025-11-09,2025,11,0,10188,3310559.02,14818.45,0.69,14948.857142857143,9966.533333333333
2025-11-10,2025,11,1,16739,5710519.36,14818.45,1.13,14827.42857142857,10336.166666666666
2025-11-11,2025,11,2,16548,5489741.69,14818.45,1.12,14830.57142857143,10697.066666666668
2025-11-12,2025,11,3,16918,5402825.99,14818.45,1.14,14894.57142857143,10949.933333333332
2025-11-13,2025,11,4,17174,5472453.2299999995,14818.45,1.16,14991.142857142857,11198.2
2025-11-14,2025,11,5,17298,5783111.36,14818.45,1.17,15019.0,11451.266666666666
2025-11-15,2025,11,6,10248,3278354.28,14818.45,0.69,15016.142857142857,11471.366666666667
2025-11-16,2025,11,0,10392,3311790.7199999997,14818.45,0.7,15045.285714285714,11500.266666666666
2025-11-17,2025,11,1,16635,5676359.7299999995,14818.45,1.12,15030.42857142857,11866.3
2025-11-18,2025,11,2,17511,5525405.75,14818.45,1.18,15168.0,12255.766666666666
2025-11-19,2025,11,3,16404,5544121.08,14818.45,1.11,15094.57142857143,12501.1
2025-11-20,2025,11,4,17251,5504057.9799999995,14818.45,1.16,15105.57142857143,12779.233333333334
2025-11-21,2025,11,5,16838,5605921.95,14818.45,1.14,15039.857142857143,13030.366666666667
2025-11-22,2025,11,6,9751,3248068.21,14818.45,0.66,14968.857142857143,13057.133333333333
2025-11-23,2025,11,0,10219,3381120.76,14818.45,0.69,14944.142857142857,13080.766666666666
2025-11-24,2025,11,1,17396,5873619.94,14818.45,1.17,15052.857142857143,13475.1
2025-11-25,2025,11,2,16939,5347310.49,14818.45,1.14,14971.142857142857,13853.233333333334
2025-11-26,2025,11,3,16767,5664403.34,14818.45,1.13,15023.0,14091.466666666667
2025-11-27,2025,11,4,17694,5638285.96,14818.45,1.19,15086.285714285714,14382.266666666666
2025-11-28,2025,11,5,17310,5686321.03,14818.45,1.17,15153.714285714286,14638.333333333334
2025-11-29,2025,11,6,10222,3342429.19,14818.45,0.69,15221.0,14661.3
2025-11-30,2025,11,0,9767,3069599.76,14818.45,0.66,15156.42857142857,14688.7
2025-12-01,2025,12,1,17070,5586159.17,15098.758064516129,1.13,15109.857142857143,14933.033333333333
2025-12-02,2025,12,2,16894,5709368.06,15098.758064516129,1.12,15103.42857142857,15154.233333333334
2025-12-03,2025,12,3,16318,5431365.37,15098.758064516129,1.08,15039.285714285714,15111.866666666667
2025-12-04,2025,12,4,17108,5471896.74,15098.758064516129,1.13,14955.57142857143,15131.266666666666
2025-12-05,2025,12,5,16923,5474099.4,15098.758064516129,1.12,14900.285714285714,15146.366666666667
2025-12-06,2025,12,6,10127,3332270.59,15098.758064516129,0.67,14886.714285714286,14934.0
2025-12-07,2025,12,0,10282,3373093.8,15098.758064516129,0.68,14960.285714285714,14706.633333333333
2025-12-08,2025,12,1,17327,5727206.04,15098.758064516129,1.15,14997.0,14941.933333333332
2025-12-09,2025,12,2,17010,5570329.74,15098.758064516129,1.13,15013.57142857143,15169.333333333334
2025-12-10,2025,12,3,17079,6020791.87,15098.758064516129,1.13,15122.285714285714,15180.666666666666
2025-12-11,2025,12,4,17417,5856583.22,15098.758064516129,1.15,15166.42857142857,15209.633333333333
2025-12-12,2025,12,5,16955,5657797.95,15098.758064516129,1.12,15171.0,15210.866666666667
2025-12-13,2025,12,6,10285,3478345.14,15098.758064516129,0.68,15193.57142857143,14981.233333333334
2025-12-14,2025,12,0,10142,3261072.92,15098.758064516129,0.67,15173.57142857143,14742.7
2025-12-15,2025,12,1,16957,5385237.59,15098.758064516129,1.12,15120.714285714286,14966.333333333334
2025-12-16,2025,12,2,16680,5581505.31,15098.758064516129,1.1,15073.57142857143,15175.933333333332
2025-12-17,2025,12,3,16958,5567685.02,15098.758064516129,1.12,15056.285714285714,15186.7
2025-12-18,2025,12,4,17518,5784004.55,15098.758064516129,1.16,15070.714285714286,15186.933333333332
2025-12-19,2025,12,5,17070,5556312.07,15098.758064516129,1.13,15087.142857142857,15209.133333333333
2025-12-20,2025,12,6,10524,3469185.18,15098.758064516129,0.7,15121.285714285714,14984.9
2025-12-21,2025,12,0,10432,3275502.86,15098.758064516129,0.69,15162.714285714286,14771.366666666667
2025-12-22,2025,12,1,16958,5395516.17,15098.758064516129,1.12,15162.857142857143,15011.6
2025-12-23,2025,12,2,16912,5549477.12,15098.758064516129,1.12,15196.0,15234.7
2025-12-24,2025,12,3,17010,5768354.61,15098.758064516129,1.13,15203.42857142857,15221.833333333334
2025-12-25,2025,12,4,15681,5135256.69,15098.758064516129,1.04,14941.0,15179.9
2025-12-26,2025,12,5,16729,5464842.12,15098.758064516129,1.11,14892.285714285714,15178.633333333333
2025-12-27,2025,12,6,10229,3318953.71,15098.758064516129,0.68,14850.142857142857,14929.8
2025-12-28,2025,12,0,9807,3288239.85,15098.758064516129,0.65,14760.857142857143,14679.7
2025-12-29,2025,12,1,16805,5561607.28,15098.758064516129,1.11,14739.0,14899.133333333333
2025-12-30,2025,12,2,16850,5505071.73,15098.758064516129,1.12,14730.142857142857,15135.233333333334
2025-12-31,2025,12,3,16985,5631351.33,15098.758064516129,1.12,14726.57142857143,15132.4
